{"cameraMode":{"drawMode":0,"name":"Shaded","section":"Shading Mode"},"sceneLighting":true,"audioPlay":false,"sceneViewState":{"m_AlwaysRefresh":false,"showFog":true,"showSkybox":true,"showFlares":true,"showImageEffects":true,"showParticleSystems":true,"showVisualEffectGraphs":true,"m_FxEnabled":true},"in2DMode":false,"pivot":{"x":0.2279975414276123,"y":0.1809123456478119,"z":14.325178146362305},"rotation":{"x":0.053972840309143069,"y":-0.0059909881092607979,"z":0.00032379754702560604,"w":0.9985243678092957},"size":10.014060020446778,"orthographic":false}