{"cameraMode":{"drawMode":0,"name":"Shaded","section":"Shading Mode"},"sceneLighting":true,"audioPlay":false,"sceneViewState":{"m_AlwaysRefresh":false,"showFog":true,"showSkybox":true,"showFlares":true,"showImageEffects":true,"showParticleSystems":true,"showVisualEffectGraphs":true,"m_FxEnabled":true},"in2DMode":false,"pivot":{"x":-11.115245819091797,"y":3.664628744125366,"z":-10.802205085754395},"rotation":{"x":0.026455385610461236,"y":-0.9185147285461426,"z":0.06237971410155296,"w":0.38954028487205508},"size":12.964631080627442,"orthographic":false}