{"cameraMode":{"drawMode":0,"name":"Shaded","section":"Shading Mode"},"sceneLighting":true,"audioPlay":false,"sceneViewState":{"m_AlwaysRefresh":false,"showFog":true,"showSkybox":true,"showFlares":true,"showImageEffects":true,"showParticleSystems":true,"showVisualEffectGraphs":true,"m_FxEnabled":true},"in2DMode":false,"pivot":{"x":-0.48492375016212466,"y":-0.840522825717926,"z":5.393224239349365},"rotation":{"x":0.14639157056808473,"y":-0.03263833373785019,"z":0.004832716193050146,"w":0.9886768460273743},"size":7.922574996948242,"orthographic":false}